{
	"info": {
		"_postman_id": "82304152-f3c5-44bb-ac9c-e66cbb2bd86e",
		"name": "TPE",
		"schema": "https://schema.getpostman.com/json/collection/v2.1.0/collection.json",
		"_exporter_id": "31135882"
	},
	"item": [
		{
			"name": "Administracion",
			"item": [
				{
					"name": "Administrador",
					"item": [
						{
							"name": "Get all",
							"request": {
								"method": "GET",
								"header": [
									{
										"key": "Authorization",
										"value": "Bearer {{token}}",
										"type": "text"
									}
								],
								"url": {
									"raw": "http://127.0.0.1:8088/administrar",
									"protocol": "http",
									"host": [
										"127",
										"0",
										"0",
										"1"
									],
									"port": "8088",
									"path": [
										"administrar"
									]
								}
							},
							"response": []
						},
						{
							"name": "Add",
							"request": {
								"method": "POST",
								"header": [
									{
										"key": "Authorization",
										"value": "Bearer {{token}}",
										"type": "text"
									}
								],
								"body": {
									"mode": "raw",
									"raw": "{\r\n    \"id\": 12,\r\n    \"nombre\": \"test\",\r\n    \"rol\": null\r\n}",
									"options": {
										"raw": {
											"language": "json"
										}
									}
								},
								"url": {
									"raw": "http://127.0.0.1:8088/administrar",
									"protocol": "http",
									"host": [
										"127",
										"0",
										"0",
										"1"
									],
									"port": "8088",
									"path": [
										"administrar"
									]
								}
							},
							"response": []
						},
						{
							"name": "Get one",
							"request": {
								"method": "GET",
								"header": [
									{
										"key": "Authorization",
										"value": "Bearer {{token}}",
										"type": "text"
									}
								],
								"url": {
									"raw": "http://127.0.0.1:8088/administrar/1",
									"protocol": "http",
									"host": [
										"127",
										"0",
										"0",
										"1"
									],
									"port": "8088",
									"path": [
										"administrar",
										"1"
									]
								}
							},
							"response": []
						},
						{
							"name": "Delete",
							"request": {
								"method": "DELETE",
								"header": [
									{
										"key": "Authorization",
										"value": "Bearer {{token}}",
										"type": "text"
									}
								],
								"url": {
									"raw": "http://127.0.0.1:8088/administrar/22",
									"protocol": "http",
									"host": [
										"127",
										"0",
										"0",
										"1"
									],
									"port": "8088",
									"path": [
										"administrar",
										"22"
									]
								}
							},
							"response": []
						},
						{
							"name": "Update",
							"request": {
								"method": "PUT",
								"header": [
									{
										"key": "Authorization",
										"value": "Bearer {{token}}",
										"type": "text"
									}
								],
								"body": {
									"mode": "raw",
									"raw": "{\r\n    \"nombre\": \"testupdateado2\",\r\n    \"rol\": null\r\n}",
									"options": {
										"raw": {
											"language": "json"
										}
									}
								},
								"url": {
									"raw": "http://127.0.0.1:8088/administrar/1",
									"protocol": "http",
									"host": [
										"127",
										"0",
										"0",
										"1"
									],
									"port": "8088",
									"path": [
										"administrar",
										"1"
									]
								}
							},
							"response": []
						}
					]
				}
			]
		},
		{
			"name": "*Mantenimiento",
			"item": [
				{
					"name": "Get all",
					"request": {
						"method": "GET",
						"header": [
							{
								"key": "Authorization",
								"value": "Bearer {{token}}",
								"type": "text"
							}
						],
						"url": {
							"raw": "http://127.0.0.1:8088/mantenimiento",
							"protocol": "http",
							"host": [
								"127",
								"0",
								"0",
								"1"
							],
							"port": "8088",
							"path": [
								"mantenimiento"
							]
						}
					},
					"response": []
				},
				{
					"name": "Get one",
					"request": {
						"method": "GET",
						"header": [
							{
								"key": "Authorization",
								"value": "Bearer {{token}}",
								"type": "text"
							}
						],
						"url": {
							"raw": "http://127.0.0.1:8083/mantenimiento/1",
							"protocol": "http",
							"host": [
								"127",
								"0",
								"0",
								"1"
							],
							"port": "8083",
							"path": [
								"mantenimiento",
								"1"
							]
						}
					},
					"response": []
				},
				{
					"name": "Add",
					"request": {
						"method": "POST",
						"header": [
							{
								"key": "Authorization",
								"value": "Bearer {{token}}",
								"type": "text"
							}
						],
						"body": {
							"mode": "raw",
							"raw": "{\r\n    \"inicio\": \"2022-01-11\",\r\n    \"fin\": \"2022-10-15\",\r\n    \"km_recorridos\": 382726.24\r\n}",
							"options": {
								"raw": {
									"language": "json"
								}
							}
						},
						"url": {
							"raw": "http://127.0.0.1:8088/mantenimiento/agregar",
							"protocol": "http",
							"host": [
								"127",
								"0",
								"0",
								"1"
							],
							"port": "8088",
							"path": [
								"mantenimiento",
								"agregar"
							]
						}
					},
					"response": []
				},
				{
					"name": "Delete",
					"request": {
						"method": "DELETE",
						"header": [
							{
								"key": "Authorization",
								"value": "Bearer {{token}}",
								"type": "text"
							}
						],
						"url": {
							"raw": "http://127.0.0.1:8083/mantenimiento/1",
							"protocol": "http",
							"host": [
								"127",
								"0",
								"0",
								"1"
							],
							"port": "8083",
							"path": [
								"mantenimiento",
								"1"
							]
						}
					},
					"response": []
				},
				{
					"name": "Update",
					"request": {
						"method": "PUT",
						"header": [
							{
								"key": "Authorization",
								"value": "Bearer {{token}}",
								"type": "text"
							}
						],
						"body": {
							"mode": "raw",
							"raw": "{\r\n    \"id_monopatin\": 1,\r\n    \"inicio\": \"2022-01-11\",\r\n    \"fin\": \"2022-10-15\",\r\n    \"km_recorridos\": 38272323222226.24\r\n}",
							"options": {
								"raw": {
									"language": "json"
								}
							}
						},
						"url": {
							"raw": "http://127.0.0.1:8083/mantenimiento/editar/3",
							"protocol": "http",
							"host": [
								"127",
								"0",
								"0",
								"1"
							],
							"port": "8083",
							"path": [
								"mantenimiento",
								"editar",
								"3"
							]
						}
					},
					"response": []
				}
			]
		},
		{
			"name": "Monopatin",
			"item": [
				{
					"name": "Monopatin",
					"item": [
						{
							"name": "Get all",
							"request": {
								"method": "GET",
								"header": [
									{
										"key": "Authorization",
										"value": "Bearer {{token}}",
										"type": "text"
									}
								],
								"url": {
									"raw": "http://127.0.0.1:8088/monopatin",
									"protocol": "http",
									"host": [
										"127",
										"0",
										"0",
										"1"
									],
									"port": "8088",
									"path": [
										"monopatin"
									]
								}
							},
							"response": []
						},
						{
							"name": "Get one",
							"request": {
								"method": "GET",
								"header": [
									{
										"key": "Authorization",
										"value": "Bearer {{token}}",
										"type": "text"
									}
								],
								"url": {
									"raw": "http://127.0.0.1:8088/monopatin/1",
									"protocol": "http",
									"host": [
										"127",
										"0",
										"0",
										"1"
									],
									"port": "8088",
									"path": [
										"monopatin",
										"1"
									]
								}
							},
							"response": []
						},
						{
							"name": "Add",
							"request": {
								"method": "POST",
								"header": [
									{
										"key": "Authorization",
										"value": "Bearer {{token}}",
										"type": "text"
									}
								],
								"body": {
									"mode": "raw",
									"raw": "{\r\n    \"numeroSerie\": \"22967\",\r\n    \"kilometraje\": 12200.0,\r\n    \"enMantenimiento\": false\r\n}",
									"options": {
										"raw": {
											"language": "json"
										}
									}
								},
								"url": {
									"raw": "http://127.0.0.1:8088/monopatin/agregar",
									"protocol": "http",
									"host": [
										"127",
										"0",
										"0",
										"1"
									],
									"port": "8088",
									"path": [
										"monopatin",
										"agregar"
									]
								}
							},
							"response": []
						},
						{
							"name": "Delete",
							"request": {
								"method": "DELETE",
								"header": [
									{
										"key": "Authorization",
										"value": "Bearer {{token}}",
										"type": "text"
									}
								],
								"url": {
									"raw": "http://127.0.0.1:8088/monopatin/eliminar/13",
									"protocol": "http",
									"host": [
										"127",
										"0",
										"0",
										"1"
									],
									"port": "8088",
									"path": [
										"monopatin",
										"eliminar",
										"13"
									]
								}
							},
							"response": []
						},
						{
							"name": "Update",
							"request": {
								"method": "PUT",
								"header": [
									{
										"key": "Authorization",
										"value": "Bearer {{token}}",
										"type": "text"
									}
								],
								"body": {
									"mode": "raw",
									"raw": "{\r\n    \"numeroSerie\": \"22967\",\r\n    \"kilometraje\": 12200.0,\r\n    \"enMantenimiento\": true\r\n}",
									"options": {
										"raw": {
											"language": "json"
										}
									}
								},
								"url": {
									"raw": "http://127.0.0.1:8088/monopatin/editar/12",
									"protocol": "http",
									"host": [
										"127",
										"0",
										"0",
										"1"
									],
									"port": "8088",
									"path": [
										"monopatin",
										"editar",
										"12"
									]
								}
							},
							"response": []
						}
					]
				},
				{
					"name": "Pausa",
					"item": [
						{
							"name": "Get all",
							"request": {
								"method": "GET",
								"header": [
									{
										"key": "Authorization",
										"value": "Bearer {{token}}",
										"type": "text"
									}
								],
								"url": {
									"raw": "http://127.0.0.1:8088/pausa",
									"protocol": "http",
									"host": [
										"127",
										"0",
										"0",
										"1"
									],
									"port": "8088",
									"path": [
										"pausa"
									]
								}
							},
							"response": []
						},
						{
							"name": "Get one",
							"request": {
								"method": "GET",
								"header": [
									{
										"key": "Authorization",
										"value": "Bearer {{token}}",
										"type": "text"
									}
								],
								"url": {
									"raw": "http://127.0.0.1:8088/pausa/1",
									"protocol": "http",
									"host": [
										"127",
										"0",
										"0",
										"1"
									],
									"port": "8088",
									"path": [
										"pausa",
										"1"
									]
								}
							},
							"response": []
						},
						{
							"name": "Add",
							"request": {
								"method": "POST",
								"header": [
									{
										"key": "Authorization",
										"value": "Bearer {{token}}",
										"type": "text"
									}
								],
								"body": {
									"mode": "raw",
									"raw": "{\r\n    \"id\": 1,\r\n    \"fechaInicio\": \"2020-04-21\",\r\n    \"fechaFin\": \"2011-10-02\"\r\n}",
									"options": {
										"raw": {
											"language": "json"
										}
									}
								},
								"url": {
									"raw": "http://127.0.0.1:8088/pausa/agregar",
									"protocol": "http",
									"host": [
										"127",
										"0",
										"0",
										"1"
									],
									"port": "8088",
									"path": [
										"pausa",
										"agregar"
									]
								}
							},
							"response": []
						},
						{
							"name": "Delete",
							"request": {
								"method": "DELETE",
								"header": [
									{
										"key": "Authorization",
										"value": "Bearer {{token}}",
										"type": "text"
									}
								],
								"url": {
									"raw": "http://127.0.0.1:8088/pausa/1",
									"protocol": "http",
									"host": [
										"127",
										"0",
										"0",
										"1"
									],
									"port": "8088",
									"path": [
										"pausa",
										"1"
									]
								}
							},
							"response": []
						},
						{
							"name": "Update",
							"request": {
								"method": "PUT",
								"header": [
									{
										"key": "Authorization",
										"value": "Bearer {{token}}",
										"type": "text"
									}
								],
								"body": {
									"mode": "raw",
									"raw": "{\r\n    \"id\": 1,\r\n    \"fechaInicio\": \"2020-04-21\",\r\n    \"fechaFin\": \"2011-10-02\"\r\n}",
									"options": {
										"raw": {
											"language": "json"
										}
									}
								},
								"url": {
									"raw": "http://127.0.0.1:8088/pausa/1",
									"protocol": "http",
									"host": [
										"127",
										"0",
										"0",
										"1"
									],
									"port": "8088",
									"path": [
										"pausa",
										"1"
									]
								}
							},
							"response": []
						}
					]
				},
				{
					"name": "Precio",
					"item": [
						{
							"name": "Get all",
							"request": {
								"method": "GET",
								"header": [
									{
										"key": "Authorization",
										"value": "Bearer {{token}}",
										"type": "text"
									}
								],
								"url": {
									"raw": "http://127.0.0.1:8088/precios",
									"protocol": "http",
									"host": [
										"127",
										"0",
										"0",
										"1"
									],
									"port": "8088",
									"path": [
										"precios"
									]
								}
							},
							"response": []
						},
						{
							"name": "Get one",
							"request": {
								"method": "GET",
								"header": [
									{
										"key": "Authorization",
										"value": "Bearer {{token}}",
										"type": "text"
									}
								],
								"url": {
									"raw": "http://127.0.0.1:8088/precios/1",
									"protocol": "http",
									"host": [
										"127",
										"0",
										"0",
										"1"
									],
									"port": "8088",
									"path": [
										"precios",
										"1"
									]
								}
							},
							"response": []
						},
						{
							"name": "Add",
							"request": {
								"method": "POST",
								"header": [
									{
										"key": "Authorization",
										"value": "Bearer {{token}}",
										"type": "text"
									}
								],
								"body": {
									"mode": "raw",
									"raw": "{\r\n    \"id\": 1,\r\n    \"clave\": \"value3\",\r\n    \"valor\": 206196.97,\r\n    \"fechaInicio\": \"2022-09-21\",\r\n    \"valorPorPausaExtendida\": 222.52\r\n}",
									"options": {
										"raw": {
											"language": "json"
										}
									}
								},
								"url": {
									"raw": "http://127.0.0.1:8088/precios/agregar",
									"protocol": "http",
									"host": [
										"127",
										"0",
										"0",
										"1"
									],
									"port": "8088",
									"path": [
										"precios",
										"agregar"
									]
								}
							},
							"response": []
						},
						{
							"name": "Delete",
							"request": {
								"method": "DELETE",
								"header": [
									{
										"key": "Authorization",
										"value": "Bearer {{token}}",
										"type": "text"
									}
								],
								"url": {
									"raw": "http://127.0.0.1:8088/precios/1",
									"protocol": "http",
									"host": [
										"127",
										"0",
										"0",
										"1"
									],
									"port": "8088",
									"path": [
										"precios",
										"1"
									]
								}
							},
							"response": []
						},
						{
							"name": "Update",
							"request": {
								"method": "PUT",
								"header": [
									{
										"key": "Authorization",
										"value": "Bearer {{token}}",
										"type": "text"
									}
								],
								"body": {
									"mode": "raw",
									"raw": "{\r\n    \"clave\": \"updated\",\r\n    \"valor\": 206196.97,\r\n    \"fechaInicio\": \"2022-09-21\",\r\n    \"valorPorPausaExtendida\": 355.52\r\n}",
									"options": {
										"raw": {
											"language": "json"
										}
									}
								},
								"url": {
									"raw": "http://127.0.0.1:8088/precios/12",
									"protocol": "http",
									"host": [
										"127",
										"0",
										"0",
										"1"
									],
									"port": "8088",
									"path": [
										"precios",
										"12"
									]
								}
							},
							"response": []
						}
					]
				},
				{
					"name": "Viaje",
					"item": [
						{
							"name": "Get all",
							"request": {
								"method": "GET",
								"header": [
									{
										"key": "Authorization",
										"value": "Bearer {{token}}",
										"type": "text"
									}
								],
								"url": {
									"raw": "http://127.0.0.1:8088/viajes",
									"protocol": "http",
									"host": [
										"127",
										"0",
										"0",
										"1"
									],
									"port": "8088",
									"path": [
										"viajes"
									]
								}
							},
							"response": []
						},
						{
							"name": "Get one",
							"request": {
								"method": "GET",
								"header": [
									{
										"key": "Authorization",
										"value": "Bearer {{token}}",
										"type": "text"
									}
								],
								"url": {
									"raw": "http://127.0.0.1:8088/viajes/1",
									"protocol": "http",
									"host": [
										"127",
										"0",
										"0",
										"1"
									],
									"port": "8088",
									"path": [
										"viajes",
										"1"
									]
								}
							},
							"response": []
						},
						{
							"name": "Add",
							"request": {
								"method": "POST",
								"header": [
									{
										"key": "Authorization",
										"value": "Bearer {{token}}",
										"type": "text"
									}
								],
								"body": {
									"mode": "raw",
									"raw": "{\r\n    \"id\": 1,\r\n    \"fechaInicio\": \"2003-08-03\",\r\n    \"fechaFin\": \"2008-06-05\",\r\n    \"kilometrosRecorridos\": 5906.65\r\n}",
									"options": {
										"raw": {
											"language": "json"
										}
									}
								},
								"url": {
									"raw": "http://127.0.0.1:8088/viajes",
									"protocol": "http",
									"host": [
										"127",
										"0",
										"0",
										"1"
									],
									"port": "8088",
									"path": [
										"viajes"
									]
								}
							},
							"response": []
						},
						{
							"name": "Delete",
							"request": {
								"method": "DELETE",
								"header": [
									{
										"key": "Authorization",
										"value": "Bearer {{token}}",
										"type": "text"
									}
								],
								"url": {
									"raw": "http://127.0.0.1:8088/viajes/1",
									"protocol": "http",
									"host": [
										"127",
										"0",
										"0",
										"1"
									],
									"port": "8088",
									"path": [
										"viajes",
										"1"
									]
								}
							},
							"response": []
						},
						{
							"name": "Update",
							"request": {
								"method": "PUT",
								"header": [
									{
										"key": "Authorization",
										"value": "Bearer {{token}}",
										"type": "text"
									}
								],
								"body": {
									"mode": "raw",
									"raw": "{\r\n    \"fechaInicio\": \"2003-08-03\",\r\n    \"fechaFin\": \"2008-06-05\",\r\n    \"kilometrosRecorridos\": 5906.65\r\n}",
									"options": {
										"raw": {
											"language": "json"
										}
									}
								},
								"url": {
									"raw": "http://127.0.0.1:8088/viajes/2",
									"protocol": "http",
									"host": [
										"127",
										"0",
										"0",
										"1"
									],
									"port": "8088",
									"path": [
										"viajes",
										"2"
									]
								}
							},
							"response": []
						}
					]
				}
			]
		},
		{
			"name": "Parada",
			"item": [
				{
					"name": "Get all",
					"request": {
						"method": "GET",
						"header": [
							{
								"key": "Authorization",
								"value": "Bearer {{token}}",
								"type": "text"
							}
						],
						"url": {
							"raw": "http://127.0.0.1:8088/parada/admin",
							"protocol": "http",
							"host": [
								"127",
								"0",
								"0",
								"1"
							],
							"port": "8088",
							"path": [
								"parada",
								"admin"
							]
						}
					},
					"response": []
				},
				{
					"name": "Get one",
					"request": {
						"method": "GET",
						"header": [
							{
								"key": "Authorization",
								"value": "Bearer {{token}}",
								"type": "text"
							}
						],
						"url": {
							"raw": "http://127.0.0.1:8088/parada/admin/3",
							"protocol": "http",
							"host": [
								"127",
								"0",
								"0",
								"1"
							],
							"port": "8088",
							"path": [
								"parada",
								"admin",
								"3"
							]
						}
					},
					"response": []
				},
				{
					"name": "Add",
					"request": {
						"method": "POST",
						"header": [
							{
								"key": "Authorization",
								"value": "Bearer {{token}}",
								"type": "text"
							}
						],
						"body": {
							"mode": "raw",
							"raw": "{\r\n    \"x\": 200.0,\r\n    \"y\": 500.0\r\n}",
							"options": {
								"raw": {
									"language": "json"
								}
							}
						},
						"url": {
							"raw": "http://127.0.0.1:8088/parada/admin/agregar",
							"protocol": "http",
							"host": [
								"127",
								"0",
								"0",
								"1"
							],
							"port": "8088",
							"path": [
								"parada",
								"admin",
								"agregar"
							]
						}
					},
					"response": []
				},
				{
					"name": "Delete",
					"request": {
						"method": "DELETE",
						"header": [
							{
								"key": "Authorization",
								"value": "Bearer {{token}}",
								"type": "text"
							}
						],
						"url": {
							"raw": "http://127.0.0.1:8088/parada/admin/eliminar/5",
							"protocol": "http",
							"host": [
								"127",
								"0",
								"0",
								"1"
							],
							"port": "8088",
							"path": [
								"parada",
								"admin",
								"eliminar",
								"5"
							]
						}
					},
					"response": []
				},
				{
					"name": "Update",
					"request": {
						"method": "PUT",
						"header": [
							{
								"key": "Authorization",
								"value": "Bearer {{token}}",
								"type": "text"
							}
						],
						"body": {
							"mode": "raw",
							"raw": "{\r\n    \"x\": 200000.0,\r\n    \"y\": 500.0\r\n}",
							"options": {
								"raw": {
									"language": "json"
								}
							}
						},
						"url": {
							"raw": "http://127.0.0.1:8088/parada/admin/4",
							"protocol": "http",
							"host": [
								"127",
								"0",
								"0",
								"1"
							],
							"port": "8088",
							"path": [
								"parada",
								"admin",
								"4"
							]
						}
					},
					"response": []
				}
			]
		},
		{
			"name": "Usuario Cuenta",
			"item": [
				{
					"name": "Usuario",
					"item": [
						{
							"name": "Get all",
							"request": {
								"method": "GET",
								"header": [
									{
										"key": "Authorization",
										"value": "Bearer {{token}}",
										"type": "text"
									}
								],
								"url": {
									"raw": "http://127.0.0.1:8088/usuario",
									"protocol": "http",
									"host": [
										"127",
										"0",
										"0",
										"1"
									],
									"port": "8088",
									"path": [
										"usuario"
									]
								}
							},
							"response": []
						},
						{
							"name": "Get one",
							"request": {
								"method": "GET",
								"header": [
									{
										"key": "Authorization",
										"value": "Bearer {{token}}",
										"type": "text"
									}
								],
								"url": {
									"raw": "http://127.0.0.1:8088/usuario/1",
									"protocol": "http",
									"host": [
										"127",
										"0",
										"0",
										"1"
									],
									"port": "8088",
									"path": [
										"usuario",
										"1"
									]
								}
							},
							"response": []
						},
						{
							"name": "Add",
							"request": {
								"method": "POST",
								"header": [
									{
										"key": "Authorization",
										"value": "Bearer {{token}}",
										"type": "text"
									}
								],
								"body": {
									"mode": "raw",
									"raw": "{\r\n    \"cel\": \"987-955-1226\",\r\n    \"nombre\": \"Auberon\",\r\n    \"apellido\": \"Seggie\",\r\n    \"x\": 719.48,\r\n    \"y\": 838.1,\r\n    \"cuenta\": [],\r\n    \"authorities\":[],\r\n    \"email\": \"aseggie0@upenn.edu\"\r\n}",
									"options": {
										"raw": {
											"language": "json"
										}
									}
								},
								"url": {
									"raw": "http://127.0.0.1:8088/usuario",
									"protocol": "http",
									"host": [
										"127",
										"0",
										"0",
										"1"
									],
									"port": "8088",
									"path": [
										"usuario"
									]
								}
							},
							"response": []
						},
						{
							"name": "Delete",
							"request": {
								"method": "DELETE",
								"header": [
									{
										"key": "Authorization",
										"value": "Bearer {{token}}",
										"type": "text"
									}
								],
								"url": {
									"raw": "http://127.0.0.1:8088/usuario/16",
									"protocol": "http",
									"host": [
										"127",
										"0",
										"0",
										"1"
									],
									"port": "8088",
									"path": [
										"usuario",
										"16"
									]
								}
							},
							"response": []
						},
						{
							"name": "Update",
							"request": {
								"method": "PUT",
								"header": [
									{
										"key": "Authorization",
										"value": "Bearer {{token}}",
										"type": "text"
									}
								],
								"body": {
									"mode": "raw",
									"raw": "{\r\n    \"cel\": \"987-955-1226\",\r\n    \"nombre\": \"Auberon\",\r\n    \"apellido\": \"Seggie\",\r\n    \"x\": 719.48,\r\n    \"y\": 838.1,\r\n    \"cuenta\": [],\r\n    \"email\": \"aseggie0@upenn.edu\"\r\n}",
									"options": {
										"raw": {
											"language": "json"
										}
									}
								},
								"url": {
									"raw": "http://127.0.0.1:8088/usuario/6",
									"protocol": "http",
									"host": [
										"127",
										"0",
										"0",
										"1"
									],
									"port": "8088",
									"path": [
										"usuario",
										"6"
									]
								}
							},
							"response": []
						}
					]
				},
				{
					"name": "Cuenta",
					"item": [
						{
							"name": "Get All",
							"request": {
								"method": "GET",
								"header": [
									{
										"key": "Authorization",
										"value": "Bearer {{token}}",
										"type": "text"
									}
								],
								"url": {
									"raw": "http://127.0.0.1:8088/cuenta",
									"protocol": "http",
									"host": [
										"127",
										"0",
										"0",
										"1"
									],
									"port": "8088",
									"path": [
										"cuenta"
									]
								}
							},
							"response": []
						},
						{
							"name": "Get one",
							"request": {
								"method": "GET",
								"header": [
									{
										"key": "Authorization",
										"value": "Bearer {{token}}",
										"type": "text"
									}
								],
								"url": {
									"raw": "http://127.0.0.1:8088/cuenta/1",
									"protocol": "http",
									"host": [
										"127",
										"0",
										"0",
										"1"
									],
									"port": "8088",
									"path": [
										"cuenta",
										"1"
									]
								}
							},
							"response": []
						},
						{
							"name": "Add",
							"request": {
								"method": "POST",
								"header": [
									{
										"key": "Authorization",
										"value": "Bearer {{token}}",
										"type": "text"
									}
								],
								"body": {
									"mode": "raw",
									"raw": "{\r\n    \"date\": \"2023-07-20\",\r\n    \"anulada\": false\r\n}",
									"options": {
										"raw": {
											"language": "json"
										}
									}
								},
								"url": {
									"raw": "http://127.0.0.1:8088/cuenta",
									"protocol": "http",
									"host": [
										"127",
										"0",
										"0",
										"1"
									],
									"port": "8088",
									"path": [
										"cuenta"
									]
								}
							},
							"response": []
						},
						{
							"name": "Delete",
							"request": {
								"method": "DELETE",
								"header": [
									{
										"key": "Authorization",
										"value": "Bearer {{token}}",
										"type": "text"
									}
								],
								"url": {
									"raw": "http://127.0.0.1:8085/cuenta/6",
									"protocol": "http",
									"host": [
										"127",
										"0",
										"0",
										"1"
									],
									"port": "8085",
									"path": [
										"cuenta",
										"6"
									]
								}
							},
							"response": []
						},
						{
							"name": "Update",
							"request": {
								"method": "PUT",
								"header": [],
								"body": {
									"mode": "raw",
									"raw": "{\r\n    \"date\": \"2023-07-22\",\r\n    \"anulada\": false\r\n}",
									"options": {
										"raw": {
											"language": "json"
										}
									}
								},
								"url": {
									"raw": "http://127.0.0.1:8085/cuenta/1",
									"protocol": "http",
									"host": [
										"127",
										"0",
										"0",
										"1"
									],
									"port": "8085",
									"path": [
										"cuenta",
										"1"
									]
								}
							},
							"response": []
						}
					]
				},
				{
					"name": "Autenticacion",
					"item": [
						{
							"name": "Authenticate",
							"request": {
								"method": "POST",
								"header": [
									{
										"key": "Content-Type",
										"value": "application/json",
										"type": "text"
									}
								],
								"body": {
									"mode": "raw",
									"raw": "{\r\n    \"email\": \"usuario\",\r\n    \"password\": \"password\"\r\n\r\n}",
									"options": {
										"raw": {
											"language": "json"
										}
									}
								},
								"url": {
									"raw": "http://127.0.0.1:8088/api/authenticate",
									"protocol": "http",
									"host": [
										"127",
										"0",
										"0",
										"1"
									],
									"port": "8088",
									"path": [
										"api",
										"authenticate"
									]
								}
							},
							"response": []
						},
						{
							"name": "Register",
							"request": {
								"method": "POST",
								"header": [
									{
										"warning": "This is a duplicate header and will be overridden by the Content-Type header generated by Postman.",
										"key": "Content-Type",
										"value": "application/json",
										"type": "text"
									}
								],
								"body": {
									"mode": "raw",
									"raw": "{\r\n    \"nombre\": \"nombreejemplo\",\r\n    \"apellido\": \"apellidoejemplo\",\r\n    \"email\": \"user\",\r\n    \"cuentas\": [1],\r\n    \"authorities\": [\"USER\"],\r\n    \"password\": \"password\"\r\n}",
									"options": {
										"raw": {
											"language": "json"
										}
									}
								},
								"url": {
									"raw": "http://127.0.0.1:8088/api/register",
									"protocol": "http",
									"host": [
										"127",
										"0",
										"0",
										"1"
									],
									"port": "8088",
									"path": [
										"api",
										"register"
									]
								}
							},
							"response": []
						}
					]
				}
			]
		},
		{
			"name": "Ejercicio 3",
			"item": [
				{
					"name": "Reporte por kilometraje",
					"request": {
						"method": "GET",
						"header": [
							{
								"key": "Authorization",
								"value": "Bearer {{token}}",
								"type": "text"
							}
						],
						"url": {
							"raw": "http://127.0.0.1:8088/monopatines/reporte/kilometraje/0/true",
							"protocol": "http",
							"host": [
								"127",
								"0",
								"0",
								"1"
							],
							"port": "8088",
							"path": [
								"monopatines",
								"reporte",
								"kilometraje",
								"0",
								"true"
							]
						}
					},
					"response": []
				},
				{
					"name": "*Anular cuenta x",
					"request": {
						"method": "PUT",
						"header": [
							{
								"key": "Authorization",
								"value": "Bearer {{token}}",
								"type": "text"
							}
						],
						"url": {
							"raw": "http://127.0.0.1:8088/administrar/cuentas/anular/2",
							"protocol": "http",
							"host": [
								"127",
								"0",
								"0",
								"1"
							],
							"port": "8088",
							"path": [
								"administrar",
								"cuentas",
								"anular",
								"2"
							]
						}
					},
					"response": []
				},
				{
					"name": "Monopatines con x viajes en anio",
					"request": {
						"method": "GET",
						"header": [
							{
								"key": "Authorization",
								"value": "Bearer {{token}}",
								"type": "text"
							}
						],
						"url": {
							"raw": "http://127.0.0.1:8088/monopatin/viajesPorAnio/1/2012",
							"protocol": "http",
							"host": [
								"127",
								"0",
								"0",
								"1"
							],
							"port": "8088",
							"path": [
								"monopatin",
								"viajesPorAnio",
								"1",
								"2012"
							]
						}
					},
					"response": []
				},
				{
					"name": "*Setear monopatin x a mantenimiento",
					"request": {
						"method": "PUT",
						"header": [
							{
								"key": "Authorization",
								"value": "Bearer {{token}}",
								"type": "text"
							}
						],
						"body": {
							"mode": "raw",
							"raw": "{\r\n        \"numeroSerie\": \"22967\",\r\n        \"kilometraje\": 100.0,\r\n        \"enMantenimiento\": true\r\n    }",
							"options": {
								"raw": {
									"language": "json"
								}
							}
						},
						"url": {
							"raw": "http://127.0.0.1:8088/administrar/monopatines/setearAMantenimiento/1",
							"protocol": "http",
							"host": [
								"127",
								"0",
								"0",
								"1"
							],
							"port": "8088",
							"path": [
								"administrar",
								"monopatines",
								"setearAMantenimiento",
								"1"
							]
						}
					},
					"response": []
				},
				{
					"name": "Comparacion de estados de monopatines",
					"request": {
						"method": "GET",
						"header": [
							{
								"key": "Authorization",
								"value": "Bearer {{token}}",
								"type": "text"
							}
						],
						"url": {
							"raw": "http://127.0.0.1:8088/monopatin/comparacionEstados",
							"protocol": "http",
							"host": [
								"127",
								"0",
								"0",
								"1"
							],
							"port": "8088",
							"path": [
								"monopatin",
								"comparacionEstados"
							]
						}
					},
					"response": []
				},
				{
					"name": "Total facturado año x entre mes y y mes z",
					"request": {
						"method": "GET",
						"header": [
							{
								"key": "Authorization",
								"value": "Bearer {{token}}",
								"type": "text"
							}
						],
						"url": {
							"raw": "http://localhost:8088/viajes/facturado/2020/1/12",
							"protocol": "http",
							"host": [
								"localhost"
							],
							"port": "8088",
							"path": [
								"viajes",
								"facturado",
								"2020",
								"1",
								"12"
							]
						}
					},
					"response": []
				},
				{
					"name": "Paradas cercanas a usuario x",
					"request": {
						"method": "GET",
						"header": [
							{
								"key": "Authorization",
								"value": "Bearer {{token}}",
								"type": "text"
							}
						],
						"url": {
							"raw": "http://127.0.0.1:8088/parada/monopatinesCercanos/150/200",
							"protocol": "http",
							"host": [
								"127",
								"0",
								"0",
								"1"
							],
							"port": "8088",
							"path": [
								"parada",
								"monopatinesCercanos",
								"150",
								"200"
							]
						}
					},
					"response": []
				},
				{
					"name": "Encontrar los precios a partir de cierta fecha",
					"request": {
						"method": "GET",
						"header": [
							{
								"key": "Authorization",
								"value": "Bearer {{token}}",
								"type": "text"
							}
						],
						"url": {
							"raw": "http://localhost:8088/precios/vigentes/2020-11-08",
							"protocol": "http",
							"host": [
								"localhost"
							],
							"port": "8088",
							"path": [
								"precios",
								"vigentes",
								"2020-11-08"
							]
						}
					},
					"response": []
				},
				{
					"name": "Encontrar los precios vigentes",
					"request": {
						"method": "GET",
						"header": [
							{
								"key": "Authorization",
								"value": "Bearer {{token}}",
								"type": "text"
							}
						],
						"url": {
							"raw": "http://localhost:8088/precios/vigentes",
							"protocol": "http",
							"host": [
								"localhost"
							],
							"port": "8088",
							"path": [
								"precios",
								"vigentes"
							]
						}
					},
					"response": []
				}
			]
		}
	],
	"variable": [
		{
			"key": "{TOKEN",
			"value": "eyJhbGciOiJIUzUxMiJ9.eyJzdWIiOiJ1c3VhcmlvIiwiYXV0aCI6IkFETUlOLFVTRVIiLCJleHAiOjE3MDAzMzgzNTl9.ANn3Oa7C-RVRsAChyUcQKU9ohaTFEebm5GWz0CXTAeEuFmtnIB5tPKKa3RPMRiKZAGUpdKSQEDL8M0G0YYh5vA"
		}
	]
}