{
	"info": {
		"_postman_id": "b97125d3-e451-4f30-abf0-bf7181da4962",
		"name": "Ejercicio 3",
		"schema": "https://schema.getpostman.com/json/collection/v2.1.0/collection.json",
		"_exporter_id": "31135882"
	},
	"item": [
		{
			"name": "Reporte por kilometraje",
			"request": {
				"method": "GET",
				"header": [
					{
						"key": "umbral",
						"value": "10",
						"type": "text"
					}
				],
				"url": {
					"raw": "http://127.0.0.1:8084/administrar/monopatines/reporte/kilometraje/10/true",
					"protocol": "http",
					"host": [
						"127",
						"0",
						"0",
						"1"
					],
					"port": "8084",
					"path": [
						"administrar",
						"monopatines",
						"reporte",
						"kilometraje",
						"10",
						"true"
					]
				}
			},
			"response": []
		},
		{
			"name": "Anular cuenta x",
			"request": {
				"method": "PUT",
				"header": [],
				"url": {
					"raw": "http://127.0.0.1:8084/administrar/cuentas/anular/1",
					"protocol": "http",
					"host": [
						"127",
						"0",
						"0",
						"1"
					],
					"port": "8084",
					"path": [
						"administrar",
						"cuentas",
						"anular",
						"1"
					]
				}
			},
			"response": []
		},
		{
			"name": "Monopatines con x viajes en anio",
			"request": {
				"method": "GET",
				"header": [],
				"url": {
					"raw": "http://127.0.0.1:8089/monopatin/viajesPorAnio/1/2012",
					"protocol": "http",
					"host": [
						"127",
						"0",
						"0",
						"1"
					],
					"port": "8089",
					"path": [
						"monopatin",
						"viajesPorAnio",
						"1",
						"2012"
					]
				}
			},
			"response": []
		},
		{
			"name": "Setear monopatin x a mantenimiento",
			"request": {
				"method": "PUT",
				"header": [],
				"body": {
					"mode": "raw",
					"raw": "{\r\n        \"id\": 1,\r\n        \"numeroSerie\": \"22967\",\r\n        \"kilometraje\": 100.0,\r\n        \"enMantenimiento\": true\r\n    }",
					"options": {
						"raw": {
							"language": "json"
						}
					}
				},
				"url": {
					"raw": "http://127.0.0.1:8084/administrar/monopatines/setearAMantenimiento/1",
					"protocol": "http",
					"host": [
						"127",
						"0",
						"0",
						"1"
					],
					"port": "8084",
					"path": [
						"administrar",
						"monopatines",
						"setearAMantenimiento",
						"1"
					]
				}
			},
			"response": []
		},
		{
			"name": "Comparacion de estados de monopatines",
			"request": {
				"method": "GET",
				"header": [],
				"url": {
					"raw": "http://127.0.0.1:8084/administrar/monopatines/getComparacionEstados",
					"protocol": "http",
					"host": [
						"127",
						"0",
						"0",
						"1"
					],
					"port": "8084",
					"path": [
						"administrar",
						"monopatines",
						"getComparacionEstados"
					]
				}
			},
			"response": []
		},
		{
			"name": "Total facturado año x entre mes y y mes z",
			"request": {
				"method": "GET",
				"header": [],
				"url": {
					"raw": "http://127.0.0.1:8084/administrar/viajes/totalFacturado/2003/1/12",
					"protocol": "http",
					"host": [
						"127",
						"0",
						"0",
						"1"
					],
					"port": "8084",
					"path": [
						"administrar",
						"viajes",
						"totalFacturado",
						"2003",
						"1",
						"12"
					]
				}
			},
			"response": []
		},
		{
			"name": "Paradas cercanas a usuario x",
			"request": {
				"method": "GET",
				"header": [],
				"url": {
					"raw": "http://127.0.0.1:8085/usuario/parada/monopatinesCercanos/1",
					"protocol": "http",
					"host": [
						"127",
						"0",
						"0",
						"1"
					],
					"port": "8085",
					"path": [
						"usuario",
						"parada",
						"monopatinesCercanos",
						"1"
					]
				}
			},
			"response": []
		}
	]
}