idUsuario,cel,email,nombre,apellido,x,y,password
1,987-955-1226,aseggie0@upenn.edu,Auberon,Seggie,719.48,838.1,123
2,658-528-8263,awarrener1@slideshare.net,Ameline,Warrener,284.58,289.77,123
3,919-189-2464,mfromont2@jimdo.com,Mal,Fromont,802.25,531.03,123
4,375-927-2977,jsheryn3@wisc.edu,Jayme,Sheryn,683.51,491.28,123
5,910-787-8919,kzannotti4@hubpages.com,Kurt,Zannotti,738.17,243.312,123
6,239-795-6607,gbeeswing5@deviantart.com,Gayel,Beeswing,787.09,248.47,123
7,555-379-2094,rocurran6@ucla.edu,Ruttger,O'Curran,997.0,23.92,123
8,419-379-4939,msprowles7@51.la,Malvin,Sprowles,420.43,560.1,123
9,615-904-4163,cingerman8@smh.com.au,Christin,Ingerman,854.85,971.99,123
10,569-678-0181,msharpley9@addthis.com,Merle,Sharpley,306.12,633.48,123
11,828-827-8460,oadraina@forbes.com,Orland,Adrain,454.4,134.7,123
12,167-573-3454,mhinckleyb@t.co,Mildrid,Hinckley,212.33,592.18,123
13,387-669-4414,sdalmanc@jiathis.com,Stace,Dalman,354.68,597.98,123
14,733-464-5327,tmckyrrellyd@bbc.co.uk,Trev,McKyrrelly,626.89,504.45,123
15,910-387-1362,rcarrigane@chronoengine.com,Ruperto,Carrigan,124.36,634.04,123
